{"cameraMode":{"drawMode":0,"name":"Shaded","section":"Shading Mode"},"sceneLighting":true,"audioPlay":false,"sceneViewState":{"m_AlwaysRefresh":false,"showFog":true,"showSkybox":true,"showFlares":true,"showImageEffects":true,"showParticleSystems":true,"showVisualEffectGraphs":true,"m_FxEnabled":true},"in2DMode":false,"pivot":{"x":1.654484510421753,"y":-0.1534576416015625,"z":0.4003481864929199},"rotation":{"x":0.6823000311851502,"y":0.0010968331480398775,"z":-0.0010237242095172406,"w":0.7310798764228821},"size":10.079134941101075,"orthographic":true}